attendance,internal_marks,assignment_score,previous_gpa,study_hours,backlogs,class_participation,risk_level
82.5,67.3,59.2,5.76,5.0,2,48.0,HIGH
72.9,57.3,72.7,5.92,3.9,0,55.3,MEDIUM
84.7,67.2,61.8,10.0,1.2,3,75.6,MEDIUM
97.8,74.8,65.9,7.0,2.6,2,51.7,MEDIUM
71.5,65.9,95.1,8.17,3.5,0,65.8,MEDIUM
71.5,65.7,90.1,5.81,0.8,1,58.7,HIGH
98.7,52.4,50.5,5.83,2.5,3,67.6,HIGH
86.5,53.1,82.4,8.62,5.3,4,17.4,HIGH
68.0,39.8,82.2,4.98,6.9,0,28.4,MEDIUM
83.1,96.5,52.8,6.38,3.2,4,77.3,HIGH
68.0,42.6,82.3,7.05,5.5,2,85.7,HIGH
68.0,52.5,93.1,7.17,0.2,2,46.8,HIGH
78.6,52.1,53.2,6.73,5.3,0,60.1,MEDIUM
46.3,81.1,56.2,7.59,2.4,4,70.9,HIGH
49.1,59.7,85.3,8.04,4.6,1,78.9,MEDIUM
66.6,87.5,74.1,8.1,3.5,1,24.4,MEDIUM
59.8,52.9,78.3,5.52,6.6,4,47.3,HIGH
79.7,70.0,75.1,6.57,2.3,1,58.3,MEDIUM
61.4,50.0,75.9,8.79,5.3,0,79.1,MEDIUM
53.8,100.0,50.1,8.34,3.4,1,100.0,MEDIUM
97.0,43.6,85.7,4.94,,4,60.4,HIGH
71.6,70.6,87.5,7.53,3.6,0,36.9,MEDIUM
76.0,76.4,66.6,4.03,2.3,0,73.0,MEDIUM
53.6,72.4,69.3,7.07,4.0,1,91.4,MEDIUM
66.8,61.7,47.0,9.85,3.9,4,67.2,HIGH
76.7,62.7,77.7,5.58,4.5,4,46.9,HIGH
57.7,65.8,78.6,5.75,4.2,1,84.2,MEDIUM
80.6,62.4,69.1,8.15,5.6,1,78.3,MEDIUM
66.0,82.3,86.9,4.69,5.8,0,44.5,MEDIUM
70.6,100.0,65.0,6.05,1.9,0,72.6,MEDIUM
66.0,55.0,78.5,7.89,5.7,0,84.9,MEDIUM
100.0,40.3,54.7,6.05,1.6,0,88.6,MEDIUM
74.8,63.4,69.6,6.65,5.2,0,63.7,MEDIUM
59.1,100.0,67.4,8.12,5.2,2,57.8,MEDIUM
87.3,50.5,73.4,7.63,0.2,0,89.5,MEDIUM
56.7,94.5,64.5,7.4,4.2,4,40.8,HIGH
78.1,95.2,68.0,6.49,3.1,1,73.8,MEDIUM
45.6,55.0,82.4,7.56,2.5,0,37.6,MEDIUM
55.1,75.2,63.4,6.81,6.7,0,86.3,MEDIUM
78.0,94.3,45.9,7.69,2.7,0,59.8,MEDIUM
86.1,58.2,96.2,6.25,2.4,0,90.4,LOW
77.6,61.3,90.7,6.73,4.2,1,74.8,MEDIUM
73.3,54.5,50.6,5.52,5.4,3,40.5,HIGH
70.5,46.7,80.3,6.95,3.7,0,93.5,MEDIUM
52.8,53.3,62.5,5.78,6.3,1,96.0,MEDIUM
64.2,43.0,74.0,5.33,5.1,1,82.6,HIGH
68.1,65.6,74.4,7.39,0.0,0,49.8,MEDIUM
90.9,51.1,66.5,7.32,2.9,4,58.9,HIGH
80.2,69.2,58.2,8.17,2.9,0,67.9,MEDIUM
48.6,37.0,59.6,6.35,5.0,2,50.9,HIGH
79.9,71.0,56.3,7.61,0.0,0,98.8,MEDIUM
,80.0,57.5,7.83,9.1,1,67.9,MEDIUM
64.8,29.1,69.0,7.67,5.1,2,10.9,HIGH
84.2,71.7,59.3,5.76,4.3,0,71.8,MEDIUM
90.5,87.1,80.2,7.22,6.4,3,58.0,MEDIUM
89.0,43.2,92.3,7.55,8.7,3,63.5,MEDIUM
62.4,95.1,61.3,7.01,5.7,2,57.6,MEDIUM
70.4,72.5,73.6,3.87,5.9,0,81.1,MEDIUM
80.0,52.3,77.5,7.24,4.3,1,87.4,MEDIUM
89.6,64.0,77.1,10.0,3.7,1,70.7,MEDIUM
67.8,75.0,71.1,6.46,3.0,3,58.2,HIGH
72.2,66.4,81.1,5.91,2.3,0,64.2,MEDIUM
58.4,74.7,77.2,7.56,2.6,2,65.4,MEDIUM
57.1,48.4,51.4,7.47,1.3,0,49.0,MEDIUM
87.2,68.0,83.0,8.79,3.8,0,76.6,LOW
95.3,39.6,83.3,5.11,0.6,1,74.2,MEDIUM
73.9,63.0,58.6,8.1,4.4,4,95.8,HIGH
90.1,48.7,70.6,7.89,3.9,0,90.1,MEDIUM
80.4,51.8,80.2,6.79,4.3,0,51.3,MEDIUM
65.3,87.2,66.9,7.51,3.0,3,81.4,HIGH
80.4,84.6,86.1,8.54,10.2,4,46.0,MEDIUM
98.1,76.0,100.0,8.31,6.7,1,78.9,LOW
74.5,45.3,58.2,5.29,1.5,1,54.7,HIGH
98.5,59.3,49.3,8.23,4.5,2,44.5,MEDIUM
35.7,86.8,74.6,6.9,2.8,4,70.6,HIGH
87.3,67.6,80.8,7.11,2.0,0,11.5,MEDIUM
76.3,100.0,66.5,7.11,1.3,3,30.0,HIGH
70.5,72.1,91.8,6.77,4.9,2,61.5,MEDIUM
76.4,68.5,49.9,8.79,2.6,1,66.6,MEDIUM
45.2,59.4,80.4,6.87,5.9,0,57.6,MEDIUM
71.7,67.4,60.9,5.32,6.0,0,33.4,MEDIUM
80.4,62.3,95.8,6.41,6.7,1,48.6,MEDIUM
97.2,77.7,99.9,7.27,2.3,0,72.8,LOW
67.2,82.2,58.5,8.84,5.0,4,76.6,MEDIUM
62.9,50.9,61.8,7.9,5.3,4,64.7,HIGH
67.5,41.0,82.9,5.72,3.1,0,88.1,MEDIUM
88.7,31.9,64.2,10.0,2.5,1,72.9,MEDIUM
79.9,74.1,69.3,7.4,7.2,0,50.1,MEDIUM
67.1,45.1,70.4,8.91,4.5,2,59.4,MEDIUM
82.7,26.2,41.2,6.77,5.3,0,36.9,MEDIUM
76.5,72.0,69.8,7.8,2.4,1,62.8,MEDIUM
89.5,100.0,59.7,8.26,1.6,4,87.2,MEDIUM
64.5,64.9,62.6,8.83,2.9,0,78.7,MEDIUM
70.1,80.1,91.7,8.59,3.8,0,93.0,MEDIUM
69.1,66.5,51.2,8.31,1.9,0,58.9,MEDIUM
53.0,63.2,82.2,6.53,4.0,1,91.9,MEDIUM
79.4,81.5,65.8,6.14,0.6,1,61.1,MEDIUM
78.9,59.8,65.8,7.5,1.8,1,94.4,MEDIUM
75.1,69.8,81.9,8.4,5.3,1,64.6,MEDIUM
71.5,70.8,75.1,6.67,5.2,3,79.1,HIGH
53.8,53.0,78.6,8.6,3.2,1,94.5,MEDIUM
68.7,82.9,84.5,9.18,2.0,0,61.1,MEDIUM
69.9,61.9,65.0,5.63,1.9,0,69.4,MEDIUM
63.0,51.4,60.8,5.74,3.3,2,90.8,HIGH
72.6,74.7,53.7,6.79,5.3,3,62.3,HIGH
81.1,48.8,57.6,7.46,5.9,3,38.6,HIGH
100.0,65.5,100.0,6.21,3.0,4,100.0,MEDIUM
77.6,64.8,88.7,9.03,1.7,3,55.6,MEDIUM
78.9,84.5,49.7,7.64,4.5,1,68.2,MEDIUM
73.9,73.5,50.2,7.06,2.4,1,88.1,MEDIUM
46.2,64.5,77.2,4.85,3.0,0,52.8,MEDIUM
74.6,79.7,78.2,5.03,6.7,2,44.8,MEDIUM
75.9,90.0,78.2,7.42,5.7,0,70.1,LOW
100.0,75.0,66.2,3.8,,2,29.1,HIGH
72.1,65.2,68.1,8.52,1.5,0,59.2,MEDIUM
79.5,41.4,74.9,6.76,4.4,0,69.9,MEDIUM
74.5,45.8,71.3,10.0,6.1,4,59.6,HIGH
57.5,59.5,36.7,10.0,3.2,1,34.1,MEDIUM
92.1,54.0,66.6,6.73,6.7,0,96.9,MEDIUM
86.3,61.6,57.2,6.84,6.6,0,67.1,MEDIUM
86.9,66.0,72.6,8.49,7.3,4,93.6,MEDIUM
61.4,74.5,100.0,9.55,4.6,1,59.8,MEDIUM
96.0,63.7,75.5,4.54,,3,47.4,HIGH
54.0,73.8,65.3,4.32,6.8,1,70.4,MEDIUM
83.8,66.2,83.8,6.07,4.9,1,60.7,MEDIUM
100.0,29.4,77.2,7.87,3.0,4,41.4,HIGH
60.1,48.1,76.3,7.75,3.1,1,94.4,MEDIUM
66.5,62.4,79.1,8.6,4.5,3,52.6,HIGH
76.5,43.2,100.0,5.2,1.4,2,28.2,HIGH
67.4,75.8,53.0,3.53,3.7,4,91.6,HIGH
51.7,92.6,77.1,8.29,6.2,0,54.9,MEDIUM
76.0,86.9,56.1,5.76,0.0,0,52.8,MEDIUM
59.1,61.2,78.3,3.97,7.1,4,29.7,HIGH
82.1,91.8,56.2,7.22,6.2,1,,MEDIUM
61.2,67.7,63.7,8.19,3.1,0,39.2,MEDIUM
98.2,58.9,65.6,6.82,5.1,0,66.2,MEDIUM
63.3,54.0,84.6,6.31,4.0,3,83.3,HIGH
70.2,59.6,83.8,6.76,6.5,0,73.4,MEDIUM
87.2,58.0,51.3,6.44,6.0,1,,MEDIUM
56.5,68.1,70.8,4.98,1.2,1,31.0,HIGH
78.4,67.9,59.4,5.93,5.2,1,48.8,MEDIUM
94.6,65.1,51.1,7.78,3.6,0,68.8,LOW
50.9,72.9,66.7,7.48,4.2,3,49.3,HIGH
77.8,86.4,65.4,7.25,2.5,4,69.1,HIGH
78.9,82.1,100.0,5.51,7.5,0,78.6,LOW
86.7,38.3,76.5,6.73,6.1,0,84.3,MEDIUM
56.4,19.0,49.3,3.73,2.5,3,40.5,HIGH
55.2,81.8,61.5,7.27,1.3,1,100.0,MEDIUM
82.8,40.4,85.3,9.14,3.2,0,80.3,MEDIUM
79.5,61.0,100.0,4.79,4.9,3,65.0,HIGH
78.8,43.9,46.2,6.12,4.5,4,86.8,HIGH
80.2,32.6,41.8,7.49,6.5,0,100.0,MEDIUM
64.8,74.7,98.1,8.88,5.6,1,36.2,MEDIUM
78.5,78.7,75.8,6.33,5.9,2,60.5,MEDIUM
79.4,54.6,57.0,5.96,4.7,3,17.4,HIGH
64.3,18.4,78.0,4.05,1.2,0,68.9,HIGH
100.0,55.2,30.5,7.16,3.6,0,72.3,MEDIUM
82.1,72.1,70.1,10.0,6.1,0,64.2,LOW
57.1,38.4,74.9,7.42,3.9,0,51.9,MEDIUM
84.8,68.3,83.9,6.97,5.0,1,24.0,MEDIUM
60.4,64.7,54.8,7.48,3.4,2,72.5,HIGH
86.8,75.4,71.3,6.98,1.9,4,94.1,HIGH
92.4,67.2,56.1,5.78,3.8,0,53.2,MEDIUM
62.7,47.5,73.8,8.23,4.6,1,73.8,MEDIUM
89.5,86.5,56.6,7.34,2.7,0,33.6,MEDIUM
81.2,62.1,63.9,7.03,3.5,1,74.1,MEDIUM
87.3,64.5,55.1,5.54,2.1,0,57.1,MEDIUM
100.0,48.2,79.8,8.96,6.2,3,49.8,MEDIUM
71.3,57.0,82.9,8.0,3.4,0,49.8,MEDIUM
63.7,49.1,66.5,6.17,6.9,0,57.1,MEDIUM
61.7,61.9,70.6,8.5,7.1,1,,MEDIUM
62.8,95.8,48.3,6.25,3.8,0,38.8,MEDIUM
73.8,40.3,65.5,5.83,2.0,3,57.1,HIGH
80.1,36.0,69.2,5.86,0.0,0,64.2,MEDIUM
79.2,91.5,100.0,4.34,1.1,0,43.0,MEDIUM
87.4,61.2,53.3,7.71,1.3,0,100.0,MEDIUM
75.2,53.0,92.0,4.25,6.8,0,47.9,MEDIUM
96.8,83.7,85.0,5.16,4.2,1,51.6,MEDIUM
71.0,54.1,74.2,3.89,4.8,0,45.4,MEDIUM
100.0,97.9,96.4,6.87,0.0,4,100.0,MEDIUM
84.4,77.2,75.6,6.77,1.6,1,76.1,MEDIUM
62.1,56.2,75.8,6.51,5.8,0,46.3,MEDIUM
58.9,100.0,69.2,5.44,4.6,1,87.1,MEDIUM
82.2,54.1,88.4,5.24,3.7,1,69.0,MEDIUM
71.6,78.4,86.4,7.7,5.1,0,,LOW
85.7,70.4,60.6,6.17,7.3,1,58.1,MEDIUM
82.1,88.4,50.2,7.47,3.6,1,50.0,MEDIUM
73.9,93.1,67.0,5.67,4.1,2,71.8,MEDIUM
62.3,65.6,58.0,7.27,4.4,0,54.1,MEDIUM
52.3,51.4,69.0,8.95,8.8,3,100.0,HIGH
68.3,73.3,88.6,7.88,0.0,2,39.6,HIGH
87.8,52.8,63.1,6.38,5.4,4,95.7,HIGH
78.2,100.0,69.4,7.39,3.8,1,62.8,MEDIUM
56.3,67.5,70.9,6.64,5.1,3,71.0,HIGH
77.6,58.4,82.7,7.01,2.7,1,81.7,MEDIUM
80.8,68.3,36.3,6.51,3.9,0,52.4,MEDIUM
61.7,40.8,60.9,6.75,5.4,3,82.3,HIGH
77.3,47.5,73.2,7.32,10.2,2,10.8,MEDIUM
75.9,86.6,88.0,5.51,5.6,1,50.6,MEDIUM
57.9,53.2,62.6,5.48,2.3,2,46.5,HIGH
80.4,46.2,41.9,4.92,3.2,0,39.9,MEDIUM
83.4,74.7,79.3,4.6,3.1,3,60.7,HIGH
91.2,86.3,60.5,5.17,0.4,3,72.7,HIGH
90.8,77.9,52.2,7.24,3.3,0,79.1,MEDIUM
,82.9,60.6,5.66,5.5,1,69.8,MEDIUM
60.9,51.4,67.2,7.77,1.5,1,51.7,MEDIUM
82.7,39.4,60.9,7.05,6.1,2,72.4,MEDIUM
82.7,92.0,36.9,4.05,5.0,3,67.5,HIGH
82.7,59.2,83.5,7.98,2.5,1,83.7,LOW
100.0,60.5,89.1,8.22,3.7,2,80.5,MEDIUM
83.6,88.9,79.8,5.51,7.2,2,65.6,MEDIUM
92.0,75.0,52.9,7.63,5.5,0,47.1,MEDIUM
89.3,73.2,67.0,5.72,4.0,4,51.9,HIGH
84.8,100.0,69.9,7.15,3.5,3,54.0,MEDIUM
70.3,53.4,79.0,5.1,4.2,1,58.7,HIGH
86.4,81.7,80.0,4.31,3.0,3,70.4,HIGH
63.4,66.0,59.0,6.43,0.0,0,79.3,MEDIUM
71.4,69.8,71.2,6.81,8.1,2,64.0,MEDIUM
67.7,92.5,76.9,6.4,4.3,0,65.3,MEDIUM
76.2,74.1,91.8,5.22,4.8,0,67.9,MEDIUM
100.0,74.7,80.6,6.4,3.9,1,54.7,MEDIUM
47.0,84.3,81.8,7.4,2.5,1,46.5,HIGH
85.3,58.4,71.3,6.93,3.6,1,29.9,MEDIUM
50.8,49.9,91.2,7.27,0.8,0,51.1,MEDIUM
67.9,46.2,76.1,5.99,8.6,0,74.5,MEDIUM
91.3,29.6,57.1,8.76,1.5,1,50.9,MEDIUM
76.0,100.0,91.1,5.24,1.9,0,60.2,MEDIUM
58.8,45.1,80.5,7.73,3.1,0,74.3,MEDIUM
64.3,61.0,63.4,8.77,6.6,4,75.4,HIGH
85.2,60.0,62.8,7.72,4.0,4,43.4,HIGH
64.0,70.5,74.4,6.7,1.5,2,84.9,MEDIUM
78.2,79.7,76.9,6.21,6.5,4,87.5,HIGH
75.7,80.5,73.0,8.55,5.5,1,42.4,MEDIUM
65.2,54.5,74.7,4.87,5.1,0,48.5,MEDIUM
100.0,62.0,95.5,5.54,5.4,4,88.8,HIGH
84.5,70.1,86.1,6.4,8.8,2,62.1,MEDIUM
44.6,60.5,72.9,8.86,8.4,4,20.6,HIGH
77.8,93.9,84.1,7.57,2.6,3,37.0,MEDIUM
,73.8,54.5,5.55,7.2,0,60.0,MEDIUM
87.8,78.2,76.0,6.53,4.8,0,41.7,MEDIUM
63.1,76.9,97.1,6.08,5.0,3,56.7,HIGH
73.3,86.1,66.7,5.94,0.6,0,65.6,MEDIUM
82.6,68.3,57.3,8.47,3.7,0,94.2,MEDIUM
88.0,41.7,60.2,4.94,2.4,1,59.2,MEDIUM
57.0,72.2,53.7,9.41,5.7,4,86.5,HIGH
70.0,53.3,58.2,8.24,6.1,2,93.6,MEDIUM
67.9,55.5,64.4,8.64,0.0,1,93.7,MEDIUM
65.2,75.6,48.9,6.31,4.0,0,70.7,MEDIUM
100.0,87.3,70.2,6.78,6.2,4,25.7,MEDIUM
81.1,65.4,83.5,4.85,3.6,0,74.2,MEDIUM
56.1,70.6,56.4,6.21,5.5,0,86.0,MEDIUM
88.8,95.6,92.8,7.74,4.7,0,63.4,LOW
100.0,69.3,77.7,8.94,4.7,4,99.9,MEDIUM
90.5,100.0,85.5,5.34,3.5,3,82.2,MEDIUM
52.2,75.2,60.1,6.45,1.6,2,76.4,HIGH
67.7,33.3,82.8,6.77,1.8,1,86.7,MEDIUM
94.0,78.6,53.6,4.91,5.4,1,71.7,MEDIUM
64.4,71.9,83.4,7.89,4.0,0,15.1,MEDIUM
81.7,88.2,72.6,5.91,3.7,0,55.0,MEDIUM
86.6,77.1,78.3,6.71,3.2,0,88.9,LOW
61.1,62.5,52.4,6.32,3.4,1,48.8,HIGH
74.1,43.0,56.6,5.82,6.1,4,60.5,HIGH
26.4,61.2,79.0,6.99,3.3,2,44.1,HIGH
59.6,49.7,55.8,6.68,1.3,4,100.0,HIGH
71.2,54.6,76.9,6.44,5.5,4,98.6,HIGH
56.3,75.6,49.5,5.91,3.6,1,47.3,MEDIUM
99.5,95.1,82.7,7.48,4.1,1,67.9,LOW
53.5,72.1,51.5,9.48,7.2,4,51.4,HIGH
68.4,43.5,78.3,7.21,4.0,0,77.3,MEDIUM
77.0,73.0,79.4,8.49,4.6,3,75.2,MEDIUM
96.6,86.5,59.5,4.91,1.6,4,81.2,HIGH
53.5,54.0,78.7,7.24,3.6,0,71.6,MEDIUM
92.4,62.6,73.9,5.35,5.2,4,100.0,MEDIUM
75.2,65.3,61.9,4.78,0.9,0,44.4,MEDIUM
60.3,50.9,54.9,5.89,4.4,0,30.8,HIGH
81.9,76.7,40.6,8.79,4.2,0,57.1,MEDIUM
78.0,62.8,75.2,8.43,4.1,0,33.6,MEDIUM
66.0,72.6,46.5,7.36,6.1,1,35.2,MEDIUM
76.0,49.0,71.4,4.7,4.7,1,45.0,MEDIUM
69.2,57.1,66.0,6.71,7.0,1,46.6,MEDIUM
76.7,78.0,80.2,7.45,2.0,0,45.9,MEDIUM
84.9,58.3,65.5,7.26,4.3,0,75.4,MEDIUM
98.8,96.1,65.1,4.23,4.2,0,54.9,LOW
56.4,57.8,81.0,5.66,1.9,1,61.4,HIGH
100.0,69.0,75.0,6.9,5.9,0,82.9,MEDIUM
45.7,81.8,74.7,7.8,8.6,1,49.7,MEDIUM
72.7,39.5,77.0,3.71,4.0,0,59.7,MEDIUM
83.8,33.3,47.0,6.76,5.0,1,72.3,HIGH
79.2,37.5,81.4,7.21,4.2,0,26.2,MEDIUM
65.7,87.7,79.2,8.27,2.6,3,17.3,MEDIUM
71.9,55.1,54.7,8.04,0.4,1,71.9,MEDIUM
67.6,100.0,66.3,7.87,2.6,2,74.8,MEDIUM
66.2,54.8,69.4,5.8,1.2,0,100.0,MEDIUM
87.7,68.3,68.0,4.14,7.4,0,68.2,MEDIUM
80.4,92.8,75.0,6.41,3.8,1,81.4,MEDIUM
64.6,100.0,91.5,8.5,3.3,2,61.1,MEDIUM
88.5,100.0,86.2,9.09,5.8,2,70.9,MEDIUM
79.6,86.8,50.3,8.07,1.8,0,98.3,MEDIUM
87.2,83.4,79.3,7.64,2.5,1,22.5,MEDIUM
84.4,75.7,89.9,7.57,4.1,0,73.3,LOW
62.6,79.0,75.8,6.17,6.1,2,100.0,MEDIUM
66.6,55.1,86.4,6.8,5.0,0,70.6,MEDIUM
86.2,50.3,100.0,9.5,4.5,1,98.0,MEDIUM
84.2,64.9,85.4,5.59,4.2,4,52.4,HIGH
74.7,61.9,73.7,9.42,4.8,3,64.4,MEDIUM
76.8,56.8,85.7,6.52,4.4,4,65.7,HIGH
94.2,77.5,72.2,8.99,1.9,4,20.6,HIGH
66.1,82.2,70.4,4.89,4.1,1,41.6,MEDIUM
83.2,66.6,64.7,7.88,1.9,3,43.1,HIGH
72.0,91.6,93.5,5.89,4.2,0,81.4,LOW
71.7,44.4,57.7,4.88,3.0,1,82.4,HIGH
91.5,61.5,93.0,7.33,9.1,1,71.5,LOW
87.4,52.1,77.5,8.51,3.9,0,81.5,MEDIUM
87.2,31.4,49.0,5.73,1.2,3,61.7,HIGH
94.6,63.5,75.5,4.75,3.7,0,89.0,MEDIUM
75.3,62.8,38.5,6.86,5.0,0,65.2,MEDIUM
85.2,92.2,79.4,6.87,7.3,4,66.2,MEDIUM
70.3,76.4,83.3,7.82,2.8,2,59.7,MEDIUM
79.9,46.6,61.1,8.42,0.8,3,,HIGH
73.0,98.4,71.9,6.91,5.6,0,56.6,MEDIUM
76.5,87.0,99.3,9.78,1.2,0,84.5,LOW
83.9,75.5,62.4,7.34,3.1,1,42.4,MEDIUM
62.7,60.9,54.1,6.48,3.5,3,43.0,HIGH
100.0,47.7,92.2,4.58,3.9,3,78.7,MEDIUM
59.9,58.3,99.4,6.61,5.4,2,63.2,MEDIUM
56.8,84.6,70.1,6.5,2.6,2,55.9,HIGH
92.4,98.9,85.2,8.44,3.5,1,82.8,LOW
86.9,92.8,90.1,7.69,4.0,2,52.9,MEDIUM
84.4,56.2,58.9,5.23,4.3,0,61.0,MEDIUM
84.4,44.8,62.7,7.26,4.2,1,93.0,MEDIUM
74.8,67.5,88.5,8.01,4.9,4,,MEDIUM
61.5,33.2,95.3,9.29,5.7,1,96.4,MEDIUM
76.1,70.8,78.4,8.33,4.8,0,59.4,LOW
64.8,62.3,56.8,8.14,4.9,0,89.6,MEDIUM
89.6,56.6,99.8,7.09,0.8,3,46.0,MEDIUM
72.8,36.3,62.0,7.58,4.1,0,46.9,MEDIUM
62.6,74.2,65.0,8.87,5.0,0,18.0,MEDIUM
70.2,55.4,75.1,5.0,5.5,1,98.5,MEDIUM
81.2,43.9,93.3,6.48,2.6,3,47.7,HIGH
66.5,13.3,82.8,5.84,2.7,2,62.5,HIGH
62.7,64.5,76.2,7.57,2.9,0,46.8,MEDIUM
78.7,96.9,76.9,8.85,5.1,1,78.9,LOW
78.7,94.9,70.7,6.1,6.1,1,57.5,MEDIUM
67.4,56.8,78.4,3.41,3.2,0,38.9,MEDIUM
67.9,54.2,32.1,6.38,5.8,0,73.8,MEDIUM
78.5,73.4,65.6,8.37,4.2,2,36.3,MEDIUM
53.3,47.0,73.6,7.81,3.8,4,48.3,HIGH
53.9,70.4,52.7,7.64,3.6,1,22.9,HIGH
64.2,78.8,75.8,6.58,5.5,0,36.5,MEDIUM
71.8,87.1,66.9,5.08,4.7,1,68.6,MEDIUM
79.7,63.2,96.3,7.77,8.6,1,25.7,MEDIUM
97.1,61.3,93.6,5.75,2.3,3,35.4,HIGH
87.9,49.2,63.0,10.0,5.0,4,65.0,MEDIUM
72.6,50.1,67.7,7.86,2.9,3,54.1,HIGH
74.7,60.9,68.9,6.13,2.3,2,100.0,HIGH
60.0,71.6,63.2,6.08,4.0,3,100.0,HIGH
74.7,81.4,72.9,6.86,4.3,0,47.6,MEDIUM
70.7,50.5,58.6,6.64,9.8,2,76.1,HIGH
79.8,91.9,53.0,8.68,3.6,2,80.0,MEDIUM
62.6,60.1,79.3,7.28,1.7,1,53.1,MEDIUM
82.8,64.6,79.4,5.9,4.5,1,35.1,MEDIUM
98.0,51.6,57.9,9.84,0.0,1,64.8,MEDIUM
73.4,21.4,83.4,7.07,3.8,0,61.5,MEDIUM
81.0,80.9,60.5,8.15,4.0,0,56.3,MEDIUM
85.4,78.3,73.8,6.09,5.6,0,73.8,MEDIUM
69.0,59.9,82.3,7.54,5.9,1,50.0,MEDIUM
78.4,66.2,69.5,7.47,3.0,1,42.0,MEDIUM
75.2,74.3,76.8,4.17,,0,67.2,MEDIUM
76.5,36.9,62.3,10.0,2.5,1,72.7,MEDIUM
63.4,55.5,67.1,8.94,1.7,0,41.5,MEDIUM
75.4,79.3,66.9,6.4,4.6,0,83.6,MEDIUM
82.5,42.4,58.8,5.35,1.5,0,29.6,HIGH
96.8,70.3,67.3,7.52,3.2,1,53.4,MEDIUM
89.4,40.6,46.8,7.13,2.0,0,59.8,MEDIUM
100.0,73.4,62.6,7.53,5.1,0,52.3,MEDIUM
63.5,64.4,65.7,7.29,7.6,1,53.7,MEDIUM
88.1,35.9,66.2,7.76,1.4,2,100.0,HIGH
77.8,86.0,66.4,9.17,0.3,2,48.0,MEDIUM
100.0,51.8,69.1,7.85,3.8,3,100.0,MEDIUM
62.9,50.4,77.2,5.43,4.0,0,73.7,MEDIUM
62.4,68.6,83.1,9.04,4.4,1,66.8,MEDIUM
66.0,85.7,60.3,9.46,3.1,3,74.5,MEDIUM
43.1,46.7,52.0,10.0,3.6,2,100.0,HIGH
67.1,66.1,54.4,5.31,4.7,0,45.1,MEDIUM
63.6,72.7,62.7,7.36,6.1,4,42.6,HIGH
77.3,77.5,64.7,3.88,0.1,3,49.9,HIGH
80.1,68.2,58.5,7.83,3.3,4,65.6,HIGH
100.0,58.4,50.6,6.18,4.4,1,30.5,MEDIUM
89.3,50.1,63.2,9.89,2.2,0,65.4,MEDIUM
66.3,66.6,72.7,5.84,7.5,0,98.9,MEDIUM
61.5,45.7,78.9,4.47,2.7,1,68.0,HIGH
82.4,12.4,61.6,6.29,3.9,3,59.1,HIGH
55.2,72.9,63.8,4.04,5.1,1,52.6,HIGH
100.0,81.3,56.1,8.13,2.8,1,83.0,MEDIUM
,22.5,69.5,3.9,0.3,1,48.5,HIGH
68.0,46.8,57.3,7.04,3.1,3,100.0,HIGH
49.3,76.1,78.6,3.88,6.1,1,100.0,HIGH
95.3,100.0,43.2,6.52,3.3,1,70.1,MEDIUM
73.3,65.4,64.6,9.47,2.3,2,64.8,MEDIUM
93.6,51.9,74.5,7.54,5.9,0,85.6,MEDIUM
51.1,61.7,72.8,5.7,3.3,1,86.9,MEDIUM
66.0,89.7,100.0,6.95,3.0,0,48.9,LOW
75.1,53.4,75.2,7.03,4.3,0,54.5,MEDIUM
75.7,50.6,54.9,7.71,5.5,0,38.6,MEDIUM
68.2,56.3,68.6,4.95,8.8,0,73.2,MEDIUM
84.3,47.8,43.4,7.89,5.7,3,78.3,HIGH
59.0,67.2,68.8,2.94,6.3,0,38.0,HIGH
72.9,94.2,57.5,6.06,3.0,0,55.9,MEDIUM
76.8,70.8,83.7,6.27,1.9,1,38.1,MEDIUM
82.7,60.5,61.8,7.95,4.1,0,47.0,MEDIUM
85.7,59.7,68.2,7.03,4.2,0,76.0,MEDIUM
58.1,36.9,60.5,4.89,1.8,0,50.3,HIGH
52.0,80.9,96.1,5.52,3.6,4,59.0,HIGH
94.2,63.6,65.2,7.3,4.8,3,32.5,MEDIUM
80.0,61.8,97.5,6.88,4.7,1,68.7,MEDIUM
63.8,100.0,82.2,6.13,5.0,0,64.1,LOW
98.3,70.4,77.2,6.28,,1,50.4,MEDIUM
76.7,51.5,75.5,8.04,3.0,0,61.2,MEDIUM
92.7,57.3,75.9,6.22,3.0,0,68.6,MEDIUM
76.0,85.7,41.1,6.87,1.6,3,48.7,HIGH
100.0,67.0,65.8,10.0,7.6,1,35.5,MEDIUM
100.0,39.1,82.7,4.86,4.0,0,100.0,MEDIUM
,81.5,69.3,4.22,3.6,0,52.3,MEDIUM
89.6,53.0,48.9,8.18,2.1,3,63.1,HIGH
84.7,98.7,69.2,5.98,9.9,4,85.2,MEDIUM
95.5,84.4,95.6,6.52,1.9,0,100.0,LOW
60.5,56.9,88.7,5.83,3.1,0,40.1,MEDIUM
85.3,88.1,69.1,6.61,4.8,0,74.0,MEDIUM
90.9,66.2,84.3,9.4,5.2,3,50.8,MEDIUM
48.6,80.3,64.5,8.2,5.9,3,54.2,MEDIUM
57.3,73.7,44.4,8.29,7.6,0,50.6,MEDIUM
44.4,49.8,56.1,4.88,5.0,2,42.5,HIGH
71.0,53.4,93.4,5.27,1.9,1,64.2,MEDIUM
85.8,83.5,65.9,2.74,3.5,0,35.5,MEDIUM
97.5,59.0,66.3,5.79,4.6,2,83.9,HIGH
76.1,57.7,65.5,8.44,8.1,1,66.1,MEDIUM
99.4,47.8,98.6,7.78,1.2,0,73.4,MEDIUM
54.3,72.6,94.4,6.67,6.4,0,55.7,MEDIUM
49.4,100.0,100.0,6.97,4.4,1,57.7,MEDIUM
74.2,45.8,67.6,5.97,5.7,1,70.8,HIGH
80.8,65.4,74.4,7.31,3.8,0,41.7,MEDIUM
74.5,90.4,47.3,8.15,2.3,1,57.8,MEDIUM
44.0,63.6,92.2,4.58,5.5,0,47.8,MEDIUM
73.7,73.1,52.5,7.45,5.3,4,47.2,HIGH
55.4,45.9,73.3,8.4,5.9,4,22.8,HIGH
85.0,72.7,53.5,6.38,4.0,1,91.8,MEDIUM
80.5,61.6,61.2,8.05,2.8,0,51.3,MEDIUM
60.9,82.7,57.4,10.0,0.9,3,88.3,HIGH
67.3,86.4,60.9,6.84,5.6,1,86.4,MEDIUM
59.1,100.0,61.9,7.59,4.8,2,39.3,MEDIUM
74.1,75.4,61.8,5.89,2.1,2,43.2,HIGH
89.3,70.9,82.5,7.27,2.9,1,100.0,MEDIUM
60.2,68.5,53.4,7.69,3.1,3,100.0,HIGH
82.6,58.6,73.3,7.29,1.0,3,64.4,HIGH
67.0,71.1,88.3,5.47,2.4,0,70.1,MEDIUM
63.1,59.7,62.3,7.31,1.7,0,52.4,MEDIUM
73.4,68.0,59.2,9.19,3.2,1,73.6,MEDIUM
59.5,88.7,66.5,7.67,2.5,2,50.7,MEDIUM
66.7,46.9,87.7,8.44,0.7,2,24.4,HIGH
57.0,85.5,72.9,6.64,8.0,4,38.6,HIGH
100.0,88.7,62.0,8.12,6.5,0,65.4,LOW
75.5,62.9,77.3,7.42,2.4,2,42.4,HIGH
64.5,26.8,53.5,5.57,4.5,2,63.7,HIGH
78.2,54.1,80.2,7.48,4.8,0,43.5,MEDIUM
73.3,88.3,76.1,5.51,6.4,2,49.4,MEDIUM
71.7,64.6,65.4,6.05,2.4,0,82.1,MEDIUM
84.2,47.0,57.4,7.28,6.2,0,69.9,MEDIUM
86.4,55.9,56.7,7.45,2.9,1,64.8,MEDIUM
67.0,80.1,78.0,5.22,1.3,0,82.6,MEDIUM
66.4,74.8,88.4,8.58,5.4,0,74.6,MEDIUM
70.9,60.7,60.4,7.86,6.6,0,93.9,MEDIUM
40.5,58.4,76.9,5.94,9.2,4,55.8,HIGH
52.3,57.9,38.7,4.69,1.6,3,56.4,HIGH
95.5,48.4,61.2,6.78,5.4,1,39.0,MEDIUM
99.7,94.1,69.5,6.33,3.2,4,56.4,MEDIUM
71.3,59.2,56.4,7.17,5.6,4,84.3,HIGH
83.6,86.9,56.0,6.46,1.1,0,91.0,MEDIUM
79.7,92.4,60.0,3.99,1.5,2,84.2,HIGH
100.0,83.0,74.4,6.42,2.4,4,29.1,MEDIUM
91.8,57.2,67.2,6.54,4.2,0,,MEDIUM
73.1,72.3,36.4,7.95,2.7,3,28.2,HIGH
60.7,64.6,38.2,5.95,5.3,1,83.0,MEDIUM
50.9,48.7,60.9,9.52,6.1,1,57.6,MEDIUM
78.1,70.8,76.9,4.13,5.2,0,79.1,MEDIUM
63.7,43.8,28.8,8.97,7.2,2,38.4,HIGH
53.7,86.4,62.5,6.66,4.8,0,88.4,MEDIUM
65.3,56.6,62.1,8.29,1.6,0,35.7,MEDIUM
58.8,68.6,90.8,7.12,6.7,3,51.6,HIGH
100.0,70.1,64.2,8.71,2.8,3,45.0,MEDIUM
88.2,60.3,75.7,6.42,5.8,1,29.9,MEDIUM
74.9,75.6,72.1,5.35,7.1,4,66.9,HIGH
97.2,56.5,38.0,9.13,4.9,0,100.0,MEDIUM
76.2,80.7,81.5,6.83,1.0,0,100.0,MEDIUM
62.1,40.8,73.2,7.33,2.2,1,66.9,HIGH
97.8,67.3,77.6,8.85,6.6,0,87.3,LOW
83.1,99.9,100.0,5.45,3.7,0,69.6,LOW
59.4,47.0,38.7,7.89,4.2,4,75.0,HIGH
72.1,52.8,95.9,6.12,5.5,3,58.2,HIGH
61.9,74.3,65.7,6.8,5.4,1,68.9,MEDIUM
54.3,68.2,74.3,7.11,4.6,4,75.7,HIGH
88.9,71.3,69.3,4.75,3.6,0,53.4,MEDIUM
100.0,73.8,63.6,5.83,3.4,0,63.5,MEDIUM
54.0,76.4,61.5,9.03,5.7,0,63.8,MEDIUM
83.4,85.0,74.9,8.33,5.1,3,81.5,MEDIUM
65.2,72.4,47.2,6.91,3.5,0,43.7,MEDIUM
67.7,60.7,81.3,7.36,6.2,3,64.0,MEDIUM
66.1,77.1,63.8,6.56,3.7,4,100.0,HIGH
62.0,99.2,53.0,9.03,2.3,0,88.3,MEDIUM
75.7,62.6,63.2,6.7,2.5,1,92.0,MEDIUM
62.5,47.5,88.9,7.35,2.0,4,65.5,HIGH
79.1,84.9,62.0,8.72,3.5,1,71.4,MEDIUM
74.2,62.8,75.4,5.83,6.5,0,85.0,MEDIUM
71.4,25.9,59.0,9.34,2.4,2,96.2,HIGH
61.4,80.3,81.4,4.7,4.4,1,26.0,MEDIUM
66.3,55.4,80.3,9.44,2.7,4,38.7,HIGH
86.3,63.4,97.7,6.44,3.5,1,91.2,MEDIUM
82.5,71.0,67.4,6.64,1.0,0,59.5,MEDIUM
60.3,68.4,80.0,4.16,3.6,0,51.6,MEDIUM
,77.8,71.5,6.32,3.6,0,39.9,MEDIUM
86.3,57.2,89.4,5.44,5.1,1,53.9,MEDIUM
50.0,74.2,59.2,6.09,4.4,3,37.0,HIGH
83.2,60.3,81.2,6.79,1.6,0,,MEDIUM
65.1,78.3,67.1,8.44,6.2,3,64.6,MEDIUM
83.6,76.1,69.0,7.31,4.4,0,63.8,LOW
63.6,48.2,71.4,7.46,4.4,4,76.8,HIGH
47.9,84.5,73.8,5.36,4.0,4,84.2,HIGH
50.6,55.4,68.3,5.68,3.0,0,83.9,MEDIUM
75.7,79.5,73.2,9.7,4.4,3,86.5,MEDIUM
78.9,71.6,93.7,5.9,5.0,0,52.4,MEDIUM
61.4,98.1,84.8,9.48,0.5,4,59.0,MEDIUM
84.6,61.0,83.0,6.64,2.9,0,80.4,MEDIUM
50.1,58.7,63.2,7.0,3.5,0,54.5,MEDIUM
74.0,64.7,56.7,8.61,4.5,0,64.9,LOW
56.8,59.5,84.3,8.91,6.4,3,73.0,MEDIUM
,79.4,83.1,6.83,2.5,2,80.7,HIGH
75.7,35.9,92.1,6.42,3.0,1,29.4,MEDIUM
62.1,46.0,60.9,6.92,3.0,0,79.3,MEDIUM
69.2,45.8,66.6,7.51,2.4,4,60.3,HIGH
90.1,82.1,45.4,8.34,3.3,1,79.1,MEDIUM
66.3,95.8,64.1,7.01,5.5,2,,MEDIUM
87.5,63.1,84.9,7.93,1.9,1,97.2,MEDIUM
58.1,62.0,63.0,9.46,4.9,0,92.1,MEDIUM
82.9,66.3,79.6,7.57,0.6,1,91.9,MEDIUM
96.6,85.9,67.1,7.47,2.9,2,93.9,MEDIUM
37.9,48.3,74.9,4.72,3.3,2,70.8,HIGH
63.0,69.3,52.8,3.05,7.3,0,65.6,MEDIUM
83.7,82.6,71.3,7.58,3.5,0,82.5,MEDIUM
72.0,74.0,25.1,6.86,0.0,0,79.6,MEDIUM
80.6,68.4,67.2,6.23,0.0,0,58.8,MEDIUM
65.9,83.0,45.5,7.37,4.1,4,73.1,HIGH
76.3,16.3,88.1,6.91,5.2,1,64.3,MEDIUM
72.7,77.2,81.7,8.69,4.8,0,47.9,MEDIUM
92.5,53.2,77.0,7.13,4.3,3,90.8,MEDIUM
78.8,32.0,92.8,5.88,6.3,1,66.1,MEDIUM
80.1,74.2,55.8,8.49,2.9,2,100.0,MEDIUM
68.8,89.7,96.2,6.67,5.8,0,32.5,LOW
67.7,62.5,84.0,7.79,0.7,4,53.9,HIGH
68.5,82.2,66.5,6.28,2.2,3,,HIGH
80.9,94.0,87.0,6.03,0.4,0,87.7,LOW
68.7,88.7,53.4,7.13,3.5,0,73.0,MEDIUM
79.3,94.5,57.6,7.02,3.9,3,71.2,MEDIUM
100.0,78.4,60.9,7.72,4.2,1,42.5,LOW
88.1,66.4,62.1,6.6,4.1,4,41.9,HIGH
70.1,36.2,54.2,4.25,2.1,2,71.5,HIGH
93.0,60.6,88.3,6.35,3.6,4,37.7,HIGH
68.9,49.8,66.1,8.19,1.0,0,54.4,MEDIUM
44.4,100.0,75.3,6.55,6.7,0,75.0,MEDIUM
59.9,61.8,61.4,6.63,3.4,0,45.4,MEDIUM
46.9,67.2,42.7,8.48,3.0,3,97.1,HIGH
69.7,74.9,74.1,5.93,7.2,0,89.5,MEDIUM
75.3,65.8,41.3,4.69,1.5,1,33.6,HIGH
100.0,95.5,69.0,6.76,1.7,1,46.4,MEDIUM
79.9,53.8,49.5,6.27,1.8,2,19.3,HIGH
71.7,68.5,99.8,5.55,3.9,0,49.3,MEDIUM
87.4,51.6,83.7,6.74,4.9,1,80.3,MEDIUM
41.8,41.2,71.6,7.74,5.5,3,56.7,HIGH
78.5,54.0,89.0,6.99,9.1,1,74.2,MEDIUM
86.6,64.3,57.3,7.46,0.0,2,34.6,MEDIUM
52.8,57.3,78.2,9.72,5.2,0,81.0,MEDIUM
92.2,52.5,73.0,6.49,2.9,1,53.9,MEDIUM
80.1,39.7,74.0,7.42,2.8,3,65.2,HIGH
68.8,63.5,89.1,6.24,2.8,1,63.1,MEDIUM
84.5,37.9,81.0,5.73,2.2,1,39.6,MEDIUM
100.0,78.7,74.3,6.12,7.4,0,41.9,LOW
77.7,66.5,45.2,6.28,5.7,0,84.4,MEDIUM
78.7,38.8,55.6,7.54,4.0,0,73.0,MEDIUM
68.1,59.4,68.2,10.0,6.7,0,86.0,MEDIUM
62.3,51.5,71.4,5.93,1.0,0,71.5,HIGH
87.5,70.7,53.0,6.38,1.3,3,67.9,HIGH
62.2,89.1,100.0,6.91,0.0,3,30.5,MEDIUM
76.1,31.2,92.7,7.59,2.6,1,59.6,MEDIUM
67.8,67.1,79.0,7.4,4.3,3,64.5,HIGH
82.2,62.1,71.1,8.93,4.2,1,100.0,MEDIUM
80.0,77.1,66.8,3.36,4.3,0,78.7,MEDIUM
,68.8,55.7,3.42,1.2,0,95.7,MEDIUM
67.3,51.5,71.2,6.26,5.6,1,77.0,MEDIUM
71.0,59.3,73.9,8.65,4.5,4,50.8,HIGH
60.3,50.7,51.4,4.65,5.5,4,67.3,HIGH
68.3,84.4,75.0,2.49,0.2,0,69.7,HIGH
80.7,65.4,67.7,7.86,4.6,3,46.2,HIGH
86.4,99.2,41.4,7.37,1.6,3,57.3,MEDIUM
61.2,63.9,57.1,5.36,3.2,1,60.9,HIGH
88.0,52.2,63.8,5.52,5.1,3,97.1,HIGH
95.3,37.8,98.3,5.55,4.2,4,23.4,HIGH
81.2,32.5,78.3,7.17,2.3,0,89.1,MEDIUM
100.0,36.5,50.0,6.06,4.0,4,46.3,HIGH
63.4,69.8,77.3,7.74,0.9,2,37.6,HIGH
56.3,74.2,46.8,2.72,6.3,0,88.6,HIGH
48.3,36.5,86.2,5.71,3.6,0,79.6,HIGH
97.4,81.1,62.9,5.31,6.2,3,90.1,MEDIUM
84.8,56.3,68.6,6.62,2.9,0,81.0,MEDIUM
74.2,67.6,89.9,6.19,3.0,3,100.0,MEDIUM
79.2,94.0,50.7,8.2,2.5,0,76.2,MEDIUM
58.1,81.1,49.0,4.21,5.8,0,61.9,MEDIUM
100.0,60.2,61.2,7.07,2.6,4,71.9,HIGH
76.9,49.0,85.6,7.84,5.3,0,89.9,MEDIUM
76.6,26.3,47.2,9.78,3.2,1,49.4,MEDIUM
85.9,52.1,27.5,6.28,0.0,0,52.0,HIGH
82.2,61.2,63.2,7.49,2.9,3,58.8,HIGH
78.4,47.2,78.3,4.29,1.6,1,22.9,HIGH
63.1,62.6,88.0,3.41,4.1,0,67.8,MEDIUM
82.1,66.4,63.1,8.27,1.6,1,27.3,MEDIUM
100.0,61.0,63.8,6.99,5.9,1,66.1,MEDIUM
95.2,53.3,87.3,8.77,3.8,2,82.3,MEDIUM
98.9,68.0,42.0,4.94,3.6,0,55.5,MEDIUM
67.3,73.0,64.2,7.78,5.3,3,98.5,MEDIUM
60.2,45.4,72.9,9.8,5.9,1,35.8,MEDIUM
73.1,90.4,76.7,7.63,4.0,3,88.8,MEDIUM
75.8,63.2,62.4,7.41,2.5,4,78.5,HIGH
91.4,65.3,70.5,7.01,0.5,2,30.7,MEDIUM
49.6,77.7,32.7,4.64,2.6,1,100.0,HIGH
97.9,69.2,60.1,9.03,2.8,3,63.7,MEDIUM
72.6,82.2,76.8,6.08,4.2,0,47.5,MEDIUM
68.6,70.2,55.3,7.76,3.3,0,36.9,MEDIUM
59.8,54.0,70.9,4.66,5.4,1,60.6,MEDIUM
50.2,71.5,76.7,5.23,2.8,0,62.5,MEDIUM
87.3,44.4,64.9,9.15,,0,67.1,MEDIUM
76.1,67.0,72.6,6.48,6.4,0,,MEDIUM
55.7,64.4,55.6,9.18,4.7,0,77.7,MEDIUM
55.6,61.3,66.9,6.88,3.9,1,57.2,MEDIUM
70.0,62.7,79.2,4.24,2.8,3,26.3,HIGH
100.0,31.1,72.4,8.34,2.7,4,62.0,HIGH
71.1,55.1,61.2,6.12,2.3,0,17.7,MEDIUM
52.5,66.7,73.4,8.05,2.9,1,72.1,MEDIUM
71.3,67.9,80.7,7.04,5.5,2,45.4,MEDIUM
70.9,46.5,39.3,4.69,3.6,1,68.3,MEDIUM
,87.8,87.4,7.25,1.3,1,91.3,MEDIUM
74.2,49.4,65.0,10.0,7.5,3,46.0,HIGH
71.5,82.5,76.4,7.74,4.6,1,86.2,MEDIUM
85.4,72.7,88.0,6.91,1.2,1,56.3,MEDIUM
100.0,53.4,49.4,8.61,3.1,4,100.0,HIGH
91.9,97.0,59.4,7.32,4.2,3,57.7,MEDIUM
71.0,43.5,65.7,7.31,7.4,2,48.2,HIGH
58.4,81.5,58.2,5.36,1.8,0,78.7,MEDIUM
100.0,83.0,96.0,7.35,6.0,3,56.3,MEDIUM
75.9,52.9,57.1,8.55,6.8,0,48.2,MEDIUM
75.2,90.1,61.7,5.75,2.7,3,55.4,MEDIUM
74.6,60.5,73.1,9.14,3.4,1,64.1,MEDIUM
78.0,70.2,52.0,6.86,1.9,1,91.8,MEDIUM
72.8,69.7,64.1,5.67,3.6,1,26.3,MEDIUM
66.4,62.6,74.8,8.5,3.9,2,65.5,MEDIUM
66.8,79.6,65.0,6.57,5.3,3,77.5,HIGH
74.5,79.3,68.6,8.14,6.2,4,68.9,HIGH
66.8,33.5,62.1,6.56,2.5,4,91.2,HIGH
64.3,88.5,47.3,6.91,0.1,3,63.5,HIGH
76.6,35.1,74.8,7.74,4.0,4,61.3,HIGH
71.2,83.6,96.3,7.44,4.6,0,76.8,LOW
97.6,85.3,70.3,4.01,4.5,2,67.0,MEDIUM
35.2,45.4,73.4,5.32,3.3,0,57.2,HIGH
91.4,57.6,80.4,8.39,4.2,0,75.3,LOW
93.7,45.1,51.0,6.8,7.0,0,,MEDIUM
43.9,61.1,95.5,6.21,4.8,0,52.8,MEDIUM
69.9,59.5,73.0,4.96,3.3,0,54.4,MEDIUM
69.4,79.0,94.5,5.38,3.0,4,92.1,HIGH
53.9,88.6,59.0,3.97,3.7,1,0.6,HIGH
63.3,90.1,97.3,6.85,7.3,1,72.9,MEDIUM
58.3,54.9,81.6,6.1,3.6,2,65.7,MEDIUM
100.0,61.2,78.3,5.55,4.0,1,31.4,MEDIUM
89.0,34.7,73.5,6.9,3.0,2,71.2,HIGH
94.1,50.5,66.3,7.55,6.2,0,74.5,MEDIUM
85.8,82.4,88.0,10.0,7.9,3,76.8,MEDIUM
58.1,94.1,72.1,4.73,4.9,0,12.0,MEDIUM
,42.8,40.5,8.74,4.2,1,92.3,MEDIUM
82.3,54.3,53.2,8.46,4.1,0,50.2,MEDIUM
56.7,64.5,67.2,5.83,0.0,1,78.7,HIGH
85.7,70.0,74.6,7.3,5.5,0,79.8,MEDIUM
71.4,50.4,69.2,6.31,4.3,3,47.5,HIGH
69.4,72.6,88.3,7.28,4.9,0,78.2,MEDIUM
85.7,56.5,40.7,9.26,2.6,3,57.3,MEDIUM
81.7,64.7,72.2,7.91,3.2,3,23.6,MEDIUM
69.6,74.8,42.7,7.76,3.2,4,88.4,HIGH
92.4,65.1,81.4,6.35,6.0,2,49.5,MEDIUM
58.8,57.1,68.6,4.77,3.2,0,47.9,HIGH
84.2,63.0,76.3,6.69,8.2,2,56.9,MEDIUM
83.9,63.4,57.0,8.81,4.9,3,70.4,MEDIUM
70.4,58.3,89.2,4.71,1.4,4,63.9,HIGH
79.9,60.3,85.6,5.42,3.7,0,76.0,MEDIUM
56.2,93.8,78.8,7.19,2.7,3,38.2,HIGH
88.9,75.1,68.1,5.52,0.0,1,50.2,MEDIUM
72.2,59.7,78.7,5.81,7.2,3,62.7,HIGH
67.2,77.5,59.4,6.36,5.4,2,100.0,MEDIUM
90.7,59.0,82.8,4.95,5.1,0,62.7,MEDIUM
64.4,86.1,94.7,5.54,4.3,0,86.7,LOW
53.9,71.7,86.1,8.06,1.2,2,65.8,MEDIUM
51.7,63.1,59.1,5.04,3.0,3,55.3,HIGH
84.1,73.1,75.4,4.6,5.7,1,60.1,MEDIUM
55.8,36.7,50.6,6.05,1.9,1,61.6,HIGH
100.0,44.7,78.6,8.1,0.0,4,77.1,HIGH
43.8,43.5,76.8,6.7,3.5,1,92.5,HIGH
100.0,67.6,42.0,6.3,3.7,3,72.2,HIGH
78.2,96.2,52.6,7.07,,1,88.7,MEDIUM
73.5,100.0,65.8,4.38,5.5,4,45.7,HIGH
66.8,76.5,65.5,7.74,5.3,1,56.7,MEDIUM
81.0,74.0,51.9,7.58,4.5,1,50.5,MEDIUM
74.4,32.6,75.8,6.39,6.4,1,71.3,MEDIUM
91.5,55.2,73.8,8.51,1.0,3,57.8,MEDIUM
76.7,50.8,67.1,5.31,5.0,1,79.6,MEDIUM
77.3,53.8,58.7,8.69,5.3,2,46.4,MEDIUM
69.5,62.0,85.7,7.23,1.5,2,65.9,MEDIUM
74.1,56.5,94.8,6.5,1.0,1,78.7,MEDIUM
79.6,29.4,62.7,6.97,2.5,0,23.7,MEDIUM
49.3,78.5,60.8,6.84,2.7,0,100.0,MEDIUM
54.8,45.7,77.4,8.83,5.5,0,59.3,MEDIUM
86.1,69.3,64.6,5.38,2.8,1,24.5,MEDIUM
77.6,100.0,67.9,5.86,2.3,0,68.2,MEDIUM
72.2,48.5,81.1,8.55,2.8,2,65.7,MEDIUM
75.3,19.5,41.4,6.11,6.2,0,63.4,MEDIUM
80.2,59.9,89.8,8.35,4.0,1,84.8,MEDIUM
66.9,84.8,71.1,9.55,,2,79.9,MEDIUM
63.3,100.0,63.8,6.4,3.8,0,71.0,MEDIUM
77.9,42.9,68.7,8.02,6.6,0,74.0,MEDIUM
60.3,73.9,69.4,5.27,2.5,0,62.9,MEDIUM
81.1,56.6,44.0,8.13,6.6,0,100.0,MEDIUM
49.5,63.1,92.4,7.3,4.4,3,35.4,HIGH
90.4,100.0,70.6,7.71,3.7,1,67.8,LOW
82.1,37.9,76.6,6.03,9.0,0,66.3,MEDIUM
78.8,69.6,84.3,4.51,1.9,0,81.3,MEDIUM
89.7,73.4,54.7,7.75,3.3,0,48.1,MEDIUM
100.0,84.5,77.1,3.9,1.5,1,30.1,MEDIUM
90.2,66.8,66.0,6.52,5.9,0,68.1,MEDIUM
,70.5,82.7,8.41,7.4,0,70.6,LOW
55.8,58.0,38.1,7.29,7.3,1,94.8,HIGH
65.6,69.8,68.5,9.92,6.4,3,39.6,MEDIUM
,58.8,61.0,8.54,3.6,2,88.1,MEDIUM
82.8,76.2,76.5,6.02,3.3,3,100.0,MEDIUM
64.1,58.3,77.1,7.04,0.7,1,57.4,MEDIUM
77.8,71.8,59.4,6.93,8.1,1,39.2,MEDIUM
63.7,64.5,59.3,4.63,4.9,0,56.9,MEDIUM
65.8,85.3,68.3,5.59,,0,65.3,MEDIUM
53.9,64.1,56.6,6.16,6.7,0,76.3,MEDIUM
61.2,33.1,82.6,3.95,2.1,4,,HIGH
54.7,87.7,64.5,7.07,,4,96.1,HIGH
60.4,48.7,26.4,6.63,3.7,1,42.7,HIGH
90.8,53.2,64.4,4.49,5.3,4,30.2,HIGH
60.8,54.3,54.4,7.61,3.9,0,87.1,MEDIUM
100.0,89.7,45.5,8.07,1.1,1,19.5,MEDIUM
82.4,26.6,51.4,7.34,4.2,3,60.9,HIGH
77.8,100.0,71.6,6.51,6.1,1,100.0,MEDIUM
62.1,84.0,89.9,7.89,3.9,0,64.8,MEDIUM
85.5,69.0,74.7,8.02,5.6,1,42.6,MEDIUM
66.4,64.0,60.9,7.46,1.9,2,63.9,MEDIUM
76.8,70.1,76.8,5.76,3.9,4,64.0,HIGH
100.0,74.4,63.1,7.41,2.8,1,68.2,MEDIUM
73.6,76.6,59.6,8.79,5.5,3,78.2,MEDIUM
92.2,75.0,52.7,6.11,4.1,0,44.2,MEDIUM
,66.6,43.7,10.0,5.4,2,98.8,MEDIUM
74.5,61.4,64.2,6.21,6.2,2,69.9,HIGH
100.0,62.3,72.4,7.05,5.4,1,79.5,MEDIUM
65.6,61.5,68.6,5.99,4.5,1,52.4,MEDIUM
100.0,85.4,63.8,7.33,2.0,0,90.7,LOW
85.6,75.7,55.8,4.39,4.0,0,59.9,MEDIUM
66.6,12.1,79.1,6.18,2.9,0,70.6,HIGH
84.5,76.8,50.2,5.36,3.3,0,46.3,MEDIUM
89.6,68.5,81.6,7.2,3.3,0,45.1,MEDIUM
,64.7,55.0,8.49,2.0,0,78.8,MEDIUM
51.4,58.0,58.7,7.97,0.1,0,56.1,MEDIUM
64.1,85.2,48.0,3.44,2.7,4,47.9,HIGH
71.3,82.1,62.5,10.0,4.4,0,52.1,MEDIUM
73.9,51.1,84.6,7.44,1.3,1,,MEDIUM
84.3,72.3,77.7,5.84,4.0,3,52.4,HIGH
77.7,47.5,84.7,7.24,7.8,0,62.6,MEDIUM
55.0,40.2,77.8,7.26,6.0,0,65.3,MEDIUM
80.7,53.7,53.4,6.0,7.3,1,26.7,MEDIUM
84.2,80.5,65.0,7.3,4.8,0,35.6,MEDIUM
83.4,82.2,58.3,6.09,6.3,2,71.7,MEDIUM
91.2,74.2,90.0,6.39,2.6,0,50.3,MEDIUM
87.5,78.1,52.0,5.97,2.7,0,86.1,MEDIUM
81.9,74.3,83.4,4.85,0.0,0,84.3,MEDIUM
73.9,53.5,83.4,7.22,6.4,1,79.4,MEDIUM
50.1,72.8,97.4,7.88,7.1,0,100.0,MEDIUM
81.4,79.4,63.9,7.77,2.9,0,63.3,MEDIUM
78.1,78.6,80.7,8.23,3.5,4,78.0,MEDIUM
79.1,86.4,100.0,7.49,2.5,0,53.3,MEDIUM
55.8,77.7,60.7,6.2,4.8,3,100.0,HIGH
58.8,71.3,47.0,8.26,6.2,4,100.0,HIGH
90.8,84.3,41.8,4.96,0.5,1,65.2,HIGH
,64.5,80.7,5.65,4.8,4,72.7,HIGH
85.2,49.1,41.8,5.55,3.4,1,92.2,HIGH
75.4,62.1,64.4,8.62,4.2,1,62.1,MEDIUM
75.4,51.6,76.6,8.41,4.9,0,51.9,MEDIUM
89.1,52.8,72.8,7.73,3.6,4,82.5,HIGH
67.3,62.4,76.4,8.61,3.8,3,66.6,MEDIUM
76.4,50.7,73.3,5.68,3.6,0,68.7,MEDIUM
68.1,59.5,89.2,7.52,5.9,0,48.3,MEDIUM
68.5,30.9,55.7,6.81,4.8,0,30.6,MEDIUM
70.4,68.8,59.8,8.27,4.4,2,69.7,MEDIUM
78.3,65.0,58.4,6.83,1.5,1,,MEDIUM
67.8,50.3,82.5,6.42,3.2,0,60.5,MEDIUM
93.8,76.9,83.5,7.81,5.8,1,93.7,LOW
61.6,81.9,76.8,8.31,4.1,1,50.9,MEDIUM
,36.1,87.8,6.0,5.3,0,43.9,MEDIUM
,51.3,52.3,6.91,7.5,1,63.7,HIGH
96.7,51.2,95.0,5.41,6.1,2,63.3,MEDIUM
77.9,48.1,92.8,3.25,4.2,4,80.4,HIGH
90.5,79.9,81.0,7.3,3.0,3,49.5,MEDIUM
52.7,61.5,96.7,7.91,0.0,4,92.4,HIGH
79.0,60.2,45.2,7.39,3.7,0,100.0,MEDIUM
88.3,28.9,62.1,4.08,3.3,2,,HIGH
76.2,76.4,59.0,6.47,4.8,3,90.0,MEDIUM
91.0,42.7,80.8,3.67,3.7,2,43.9,HIGH
67.2,66.1,54.2,9.05,3.4,0,86.5,MEDIUM
96.1,70.0,81.4,5.37,0.4,1,85.9,MEDIUM
100.0,89.5,90.6,8.88,,1,82.3,LOW
69.6,41.4,80.4,8.42,5.0,0,64.7,MEDIUM
68.3,10.6,74.3,5.65,7.4,0,5.9,MEDIUM
,68.3,55.2,5.3,3.8,3,52.2,HIGH
98.7,97.4,57.3,7.53,4.7,0,52.5,LOW
67.2,87.3,88.7,5.73,5.9,4,45.4,HIGH
68.7,68.8,81.7,7.15,2.4,1,67.4,MEDIUM
70.8,56.2,69.4,6.28,4.7,0,56.6,MEDIUM
54.8,79.5,63.7,4.33,2.5,1,48.5,HIGH
61.2,47.5,39.6,3.65,5.7,0,43.8,HIGH
59.9,73.6,53.9,7.34,4.3,1,50.7,HIGH
63.5,74.1,98.7,6.16,4.6,0,87.4,MEDIUM
74.5,84.1,50.8,6.17,2.4,2,51.8,MEDIUM
78.5,100.0,72.8,8.04,5.4,0,54.7,LOW
98.3,72.1,85.1,8.76,8.2,1,55.9,LOW
60.0,55.8,51.2,6.59,2.0,1,71.8,HIGH
89.8,64.5,72.8,6.49,3.3,1,74.1,MEDIUM
71.8,33.2,84.1,7.75,4.5,1,4.1,MEDIUM
,52.5,70.2,4.96,5.6,4,85.4,HIGH
85.1,57.6,100.0,7.33,2.9,3,93.7,MEDIUM
58.2,55.6,45.0,7.83,0.0,2,44.0,HIGH
80.7,67.7,85.9,8.02,6.7,0,45.6,LOW
77.5,50.2,67.4,4.09,5.5,4,56.0,HIGH
82.4,85.2,81.6,5.86,0.5,1,49.9,MEDIUM
79.3,65.0,76.6,5.68,2.8,0,69.5,MEDIUM
100.0,64.8,59.0,7.15,7.1,0,26.1,MEDIUM
65.4,59.1,73.4,7.72,6.9,0,42.6,MEDIUM
67.0,67.8,42.1,9.25,5.9,0,95.8,MEDIUM
65.7,79.9,79.0,6.26,3.6,1,46.4,MEDIUM
66.7,49.4,74.5,6.25,,0,89.9,MEDIUM
65.4,53.2,79.6,8.72,3.7,3,72.1,HIGH
92.8,59.5,85.9,7.44,6.3,1,28.8,MEDIUM
96.3,40.8,75.5,8.9,2.2,2,77.7,MEDIUM
66.4,50.3,72.2,7.43,2.4,0,62.6,MEDIUM
62.5,56.4,56.8,5.26,6.0,0,55.9,MEDIUM
82.1,80.7,59.3,5.0,3.9,4,69.9,HIGH
66.7,69.7,87.8,4.67,6.8,3,74.5,HIGH
84.5,68.5,91.5,7.99,2.7,2,79.2,MEDIUM
78.0,80.3,66.4,8.78,3.9,0,88.6,MEDIUM
52.3,62.5,70.7,9.77,2.2,0,73.2,MEDIUM
98.2,72.0,56.4,8.26,4.0,1,37.5,MEDIUM
100.0,63.1,87.6,8.74,1.0,3,55.5,MEDIUM
65.8,69.8,80.0,6.13,3.0,0,100.0,MEDIUM
69.2,54.5,99.1,5.27,1.1,0,79.5,MEDIUM
79.3,21.1,56.8,8.28,5.4,4,100.0,HIGH
80.0,62.6,64.3,7.63,5.4,0,92.9,LOW
84.9,90.6,73.5,7.16,0.5,0,69.8,LOW
100.0,81.7,79.7,7.58,6.7,0,71.0,LOW
72.3,82.4,66.8,7.48,9.0,3,64.3,MEDIUM
63.0,87.3,56.9,8.93,4.1,0,30.2,MEDIUM
54.3,66.6,83.2,8.94,2.7,1,65.4,MEDIUM
64.0,68.6,80.8,7.82,9.6,0,89.2,LOW
74.5,53.9,56.3,8.27,1.4,2,53.0,HIGH
100.0,59.3,90.3,7.77,4.0,1,73.2,MEDIUM
67.2,76.1,87.6,6.31,4.4,3,82.0,HIGH
78.4,86.7,72.0,8.13,6.7,3,46.8,MEDIUM
74.8,62.5,71.2,4.91,4.7,0,56.0,MEDIUM
92.8,56.9,78.3,8.58,3.0,0,44.6,LOW
100.0,65.0,57.1,5.21,2.1,4,48.6,HIGH
67.0,75.8,70.5,7.43,3.3,1,39.2,MEDIUM
67.7,39.0,37.7,5.73,2.0,0,47.0,HIGH
90.7,23.7,83.1,7.83,4.1,2,93.4,MEDIUM
85.2,55.1,46.6,6.95,2.9,0,46.7,MEDIUM
100.0,43.0,92.6,4.61,1.0,0,67.5,MEDIUM
83.8,55.9,65.0,7.63,6.5,0,54.9,MEDIUM
69.6,62.3,66.8,6.13,3.0,0,88.6,MEDIUM
83.9,56.8,60.6,8.32,1.5,4,91.2,HIGH
91.6,91.1,65.7,7.0,3.7,3,82.3,MEDIUM
87.3,70.9,91.3,7.59,4.1,1,71.1,MEDIUM
82.6,70.4,32.7,5.56,0.5,3,60.4,HIGH
91.0,76.2,89.2,6.12,4.7,1,41.2,MEDIUM
92.5,44.5,75.1,6.31,1.9,1,100.0,MEDIUM
95.7,83.7,51.9,8.29,7.4,0,49.8,LOW
84.7,63.6,53.9,9.52,5.0,0,78.3,LOW
72.5,77.1,95.1,5.79,3.2,2,86.2,MEDIUM
77.2,45.7,55.8,8.62,2.5,4,53.9,HIGH
93.1,37.0,52.7,3.75,3.8,1,85.8,HIGH
62.7,79.7,87.1,5.21,5.2,1,80.3,MEDIUM
80.5,71.8,75.1,5.56,3.9,0,99.6,MEDIUM
69.1,48.8,55.9,4.97,3.6,2,55.6,HIGH
75.4,49.3,73.2,4.62,4.1,1,39.3,MEDIUM
94.2,85.3,54.6,7.62,2.8,3,54.9,HIGH
77.9,43.6,86.5,6.68,3.3,3,69.2,HIGH
75.7,94.6,85.9,7.57,0.0,1,66.2,MEDIUM
54.6,48.8,78.0,8.04,5.9,1,57.1,MEDIUM
86.2,76.5,75.4,7.4,4.6,1,26.8,MEDIUM
84.7,59.1,96.4,7.99,2.5,2,74.4,MEDIUM
100.0,75.9,70.0,6.9,7.8,3,100.0,MEDIUM
70.4,55.2,52.3,5.22,4.2,0,74.3,MEDIUM
78.3,62.1,76.7,8.59,1.9,1,77.2,MEDIUM
78.7,65.7,100.0,6.12,5.7,1,76.4,MEDIUM
98.7,47.0,54.8,5.6,4.8,4,72.9,HIGH
73.6,78.3,64.6,6.73,,0,83.6,MEDIUM
79.2,55.8,76.2,5.63,3.1,0,72.9,MEDIUM
84.1,60.9,69.2,6.37,4.9,0,58.7,MEDIUM
77.8,47.1,55.3,7.52,3.5,3,49.1,HIGH
68.3,18.9,86.8,7.52,5.1,0,60.0,MEDIUM
77.9,61.6,100.0,5.65,0.2,4,71.3,HIGH
91.1,100.0,72.9,6.27,3.1,0,,LOW
59.6,79.1,56.4,8.61,7.4,1,71.3,MEDIUM
77.0,64.7,46.8,7.74,2.5,0,73.8,MEDIUM
64.5,60.3,73.9,10.0,2.8,3,81.7,HIGH
92.9,65.4,86.6,8.77,3.1,0,90.7,LOW
52.2,74.8,77.1,8.72,1.6,0,66.6,MEDIUM
66.6,43.7,70.0,4.92,0.0,0,38.8,MEDIUM
80.7,85.1,61.2,8.15,3.5,0,58.1,MEDIUM
98.5,77.9,53.6,6.92,4.3,0,65.9,MEDIUM
74.0,77.9,82.5,6.17,3.9,0,28.3,MEDIUM
66.7,72.9,83.7,7.25,3.7,1,92.8,MEDIUM
100.0,65.4,46.8,8.42,4.1,3,67.8,MEDIUM
53.3,77.1,93.8,7.75,6.0,3,72.6,HIGH
42.0,75.7,78.6,5.68,3.6,0,92.3,MEDIUM
81.6,58.6,91.0,8.11,2.9,2,52.4,MEDIUM
67.5,54.7,49.9,6.04,3.4,0,76.5,MEDIUM
59.7,66.8,49.5,7.33,5.2,0,62.8,MEDIUM
85.6,92.9,67.8,6.54,6.8,1,61.3,MEDIUM
78.7,42.7,77.5,6.67,2.7,3,49.6,HIGH
66.5,38.6,96.9,8.15,4.2,0,98.3,MEDIUM
55.8,68.0,80.6,5.44,4.7,3,57.5,HIGH
88.1,65.9,66.4,9.92,2.0,0,79.0,LOW
84.8,68.1,54.6,4.27,4.0,1,27.5,HIGH
73.5,69.4,88.5,6.1,1.1,0,88.6,MEDIUM
100.0,61.0,55.5,7.56,0.5,3,86.0,HIGH
58.9,91.8,94.4,7.88,4.7,0,66.9,LOW
52.1,36.2,65.7,6.85,3.2,0,60.5,HIGH
64.6,50.1,93.9,6.91,4.4,1,73.0,MEDIUM
74.3,63.1,80.2,7.62,4.0,0,100.0,MEDIUM
78.7,35.4,67.9,6.65,2.0,0,29.7,MEDIUM
71.4,61.8,62.2,9.09,3.9,1,80.6,MEDIUM
80.3,94.9,64.9,8.26,1.5,0,46.8,LOW
56.2,65.4,76.4,8.31,6.8,4,64.6,HIGH
96.7,69.2,71.2,5.55,1.3,1,60.0,MEDIUM
73.8,42.3,61.1,6.88,3.6,4,56.4,HIGH
91.8,53.9,67.5,6.55,1.9,0,64.8,MEDIUM
80.1,58.2,71.2,5.49,5.1,0,42.3,MEDIUM
81.9,59.3,38.1,7.54,3.3,3,85.6,HIGH
83.5,88.1,76.9,6.19,3.0,3,29.1,MEDIUM
81.7,75.0,55.3,7.98,5.7,2,75.8,MEDIUM
84.6,45.0,52.7,5.39,4.1,0,58.5,MEDIUM
94.9,69.4,44.7,9.58,5.0,4,41.6,MEDIUM
77.9,74.0,43.1,5.66,2.0,1,69.0,MEDIUM
85.6,85.5,49.7,7.33,1.2,2,33.9,MEDIUM
73.7,93.4,59.4,8.19,4.2,2,65.8,MEDIUM
96.6,46.7,99.3,6.14,3.4,1,36.5,MEDIUM
64.9,50.4,62.1,8.28,5.3,4,74.2,HIGH
100.0,42.4,72.7,5.16,3.8,1,46.5,MEDIUM
74.4,60.8,76.0,9.18,4.4,2,56.0,MEDIUM
53.5,73.4,72.0,7.02,0.8,1,70.9,HIGH
76.9,82.8,68.8,6.11,7.8,2,49.5,MEDIUM
64.8,63.6,52.1,6.55,3.7,0,63.8,MEDIUM
87.6,59.2,91.8,8.21,5.4,0,34.7,LOW
65.2,67.7,97.1,6.12,2.3,4,77.6,HIGH
68.3,50.0,44.8,5.88,4.6,1,100.0,MEDIUM
46.7,100.0,54.6,6.67,1.4,0,100.0,MEDIUM
68.2,36.1,65.8,5.23,4.9,1,,HIGH
38.6,68.3,55.5,9.73,3.3,0,80.8,MEDIUM
51.2,100.0,77.6,6.15,4.1,1,29.4,MEDIUM
86.4,65.1,59.1,8.25,5.4,1,95.1,MEDIUM
86.8,61.6,100.0,7.31,1.5,2,80.5,MEDIUM
81.4,58.6,87.9,5.52,2.6,3,55.3,HIGH
60.5,61.8,73.2,6.99,4.9,0,89.7,MEDIUM
74.3,89.7,85.4,8.18,8.2,1,59.9,MEDIUM
74.9,25.2,86.6,6.72,3.7,0,55.8,MEDIUM
57.6,92.6,61.5,8.79,5.2,0,74.5,MEDIUM
97.6,39.4,57.8,8.53,3.8,0,43.7,MEDIUM
88.2,60.2,71.2,8.38,7.9,1,85.4,MEDIUM
71.7,57.3,82.9,6.31,0.5,2,43.9,HIGH
75.4,75.6,72.1,5.38,4.2,0,44.0,MEDIUM
78.1,36.2,46.3,6.08,0.7,4,46.8,HIGH
44.4,73.3,58.0,7.29,0.0,0,80.2,MEDIUM
71.3,100.0,68.9,7.82,4.6,1,52.7,MEDIUM
64.8,40.5,68.9,3.74,4.3,1,38.0,HIGH
60.0,68.4,99.6,6.99,3.4,3,52.9,MEDIUM
70.8,53.1,49.2,7.24,3.8,0,64.4,MEDIUM
100.0,72.7,77.6,6.58,10.2,0,41.4,LOW
,65.3,92.3,8.94,3.5,0,42.0,LOW
66.4,53.5,100.0,7.63,5.0,0,100.0,MEDIUM
83.6,73.8,63.9,8.97,2.7,1,47.8,MEDIUM
96.0,97.5,77.4,6.68,4.6,0,58.5,LOW
88.9,61.6,78.5,8.41,3.5,0,57.7,MEDIUM
75.9,78.0,72.9,9.45,3.2,1,56.6,MEDIUM
65.3,41.7,68.5,8.97,7.6,0,77.4,MEDIUM
85.5,47.8,76.5,5.36,6.4,2,84.0,MEDIUM
80.9,73.5,32.0,6.62,4.3,0,58.9,MEDIUM
88.4,91.7,80.2,6.48,0.0,4,40.3,HIGH
84.5,71.4,71.9,7.73,3.3,2,90.5,MEDIUM
90.7,59.4,66.7,8.03,9.4,0,63.1,MEDIUM
67.0,65.0,100.0,5.74,3.5,0,99.6,MEDIUM
94.8,42.5,59.9,7.1,6.2,0,20.1,MEDIUM
78.0,75.9,64.0,3.97,6.9,2,68.9,MEDIUM
100.0,80.9,99.9,9.16,4.4,2,100.0,LOW
64.7,56.9,57.5,6.23,2.3,1,57.9,HIGH
100.0,56.5,61.7,7.08,0.0,0,60.5,MEDIUM
78.0,69.8,67.8,6.54,5.4,0,70.9,MEDIUM
65.2,57.1,82.6,8.72,2.4,3,53.8,HIGH
67.7,63.8,73.1,2.74,4.4,0,58.8,MEDIUM
70.2,100.0,50.6,6.98,1.5,1,58.2,MEDIUM
81.4,60.6,62.0,6.84,3.5,0,52.5,MEDIUM
82.8,58.5,60.9,6.32,4.1,4,89.6,HIGH
66.4,53.3,68.8,9.59,4.5,2,74.2,MEDIUM
74.6,78.4,76.4,5.67,1.8,0,70.0,MEDIUM
100.0,61.7,76.3,8.16,6.4,4,81.2,MEDIUM
100.0,53.3,43.4,7.53,2.8,0,59.7,MEDIUM
81.5,88.8,86.0,8.89,0.7,3,49.5,MEDIUM
75.6,90.6,73.8,6.0,3.8,1,52.9,MEDIUM
76.8,54.2,90.8,5.9,4.1,1,65.0,MEDIUM
84.2,31.4,76.7,8.64,4.3,0,43.8,MEDIUM
59.7,83.1,86.5,7.64,6.7,3,55.0,MEDIUM
71.1,52.7,77.0,4.68,3.5,0,54.7,MEDIUM
50.0,79.2,90.2,6.19,3.8,1,100.0,MEDIUM
81.0,29.5,77.8,7.58,1.8,0,9.5,MEDIUM
84.7,81.1,68.5,8.26,5.6,3,61.4,MEDIUM
67.8,43.2,100.0,5.98,4.4,4,99.5,HIGH
98.6,78.2,83.3,2.63,3.2,2,67.4,MEDIUM
56.6,65.3,78.6,7.78,0.2,1,80.1,HIGH
53.0,47.8,50.9,5.17,6.9,0,67.0,MEDIUM
78.4,57.7,50.7,3.97,1.5,0,,MEDIUM
90.7,77.4,74.4,2.75,2.8,0,20.2,MEDIUM
100.0,66.9,72.2,8.22,4.7,1,69.1,MEDIUM
68.1,75.5,60.8,7.19,1.6,1,49.5,MEDIUM
91.2,100.0,72.1,6.66,1.0,0,49.0,LOW
74.4,36.8,93.8,9.08,0.0,0,55.0,MEDIUM
,94.1,80.4,7.96,5.4,0,99.9,LOW
88.3,66.9,52.9,9.42,2.9,1,100.0,MEDIUM
84.8,48.8,68.3,4.91,9.9,0,69.3,MEDIUM
51.4,41.1,57.9,6.95,2.0,2,55.7,HIGH
97.1,61.6,64.2,4.57,2.2,1,41.5,MEDIUM
95.7,81.6,63.8,6.66,2.9,2,74.4,MEDIUM
65.6,62.7,62.8,6.63,4.5,1,100.0,MEDIUM
80.9,92.2,51.2,7.94,3.1,1,60.1,MEDIUM
82.4,38.9,68.1,7.07,5.2,4,,HIGH
78.9,64.8,61.6,7.94,2.0,2,78.4,MEDIUM
66.7,42.5,26.1,8.06,1.2,1,84.7,HIGH
64.9,71.5,100.0,10.0,0.4,0,33.3,MEDIUM
74.6,81.0,86.3,6.53,0.0,1,68.5,MEDIUM
92.6,57.4,64.4,5.59,3.0,1,74.0,MEDIUM
83.2,18.1,70.3,7.37,3.4,0,63.5,MEDIUM
69.4,68.6,52.4,5.8,2.7,1,49.2,HIGH
86.6,72.9,95.4,9.22,6.5,2,85.3,LOW
32.3,72.3,98.5,6.58,6.5,0,56.9,MEDIUM
92.2,87.2,72.4,6.15,3.3,0,,MEDIUM
48.9,45.7,85.4,6.29,0.4,4,24.0,HIGH
69.6,77.2,72.6,8.08,2.9,0,90.2,MEDIUM
58.2,86.5,49.9,6.76,2.8,1,77.3,MEDIUM
55.6,33.0,63.8,6.04,2.7,0,66.8,HIGH
92.4,70.8,72.0,9.5,2.6,1,56.2,MEDIUM
68.0,55.9,63.2,5.72,2.7,0,54.4,HIGH
80.2,63.5,66.7,7.05,3.2,0,43.5,MEDIUM
74.3,71.3,68.6,7.98,2.7,2,56.4,MEDIUM
82.2,56.2,68.8,4.55,4.4,2,22.6,HIGH
76.2,52.8,70.8,7.72,4.7,0,50.3,MEDIUM
55.8,65.6,54.1,5.42,2.2,1,58.8,HIGH
89.9,45.4,59.2,8.23,6.5,0,77.2,MEDIUM
67.6,45.5,50.7,5.56,2.0,2,64.2,HIGH
51.7,77.2,84.7,8.04,0.8,3,80.9,HIGH
68.6,44.3,38.4,8.66,4.8,0,92.0,MEDIUM
97.5,77.0,87.3,8.29,2.4,4,86.2,MEDIUM
87.8,73.3,90.8,7.38,4.6,0,74.4,MEDIUM
69.8,33.9,65.5,6.65,0.0,3,65.2,HIGH
69.8,52.8,31.0,6.14,6.8,3,45.4,HIGH
70.2,86.5,64.6,9.21,5.3,0,79.8,MEDIUM
100.0,47.3,69.0,5.95,1.0,0,98.6,MEDIUM
80.7,56.6,54.8,5.44,1.0,0,71.8,MEDIUM
81.5,73.3,62.3,8.0,7.3,0,100.0,LOW
90.5,79.1,93.0,5.81,2.5,1,34.5,MEDIUM
78.6,60.5,80.0,5.57,2.3,1,41.9,MEDIUM
71.1,54.2,56.1,4.83,0.0,4,82.1,HIGH
72.1,90.6,46.0,6.28,3.3,0,70.3,MEDIUM
73.9,96.3,65.1,6.88,3.5,4,91.3,HIGH
74.4,82.6,66.8,7.36,5.4,4,,HIGH
85.9,66.5,77.4,8.43,1.2,4,47.6,HIGH
75.8,50.5,62.0,7.79,1.0,0,60.7,MEDIUM
86.0,50.1,77.7,6.71,4.9,1,34.3,MEDIUM
73.8,74.4,99.0,6.7,6.0,0,42.4,MEDIUM
76.2,72.5,82.2,7.77,0.9,0,84.4,MEDIUM
45.0,90.2,69.3,8.91,6.2,0,82.5,MEDIUM
88.7,76.7,67.3,7.19,,1,72.3,MEDIUM
80.2,37.9,64.6,6.3,6.2,2,30.6,HIGH
,83.9,87.7,5.51,3.9,0,57.8,LOW
31.6,47.0,60.6,4.83,0.0,2,40.5,HIGH
100.0,58.1,70.7,8.0,3.7,4,,MEDIUM
72.9,69.5,70.8,7.87,6.1,0,53.3,MEDIUM
91.6,100.0,62.5,7.87,2.2,1,43.3,MEDIUM
59.4,100.0,49.4,6.81,3.2,0,65.6,MEDIUM
84.2,75.9,74.8,9.11,3.6,0,52.2,MEDIUM
59.2,61.7,69.1,6.27,0.0,0,94.7,MEDIUM
65.6,74.6,77.5,8.43,7.3,3,50.3,MEDIUM
100.0,81.0,62.0,6.94,2.2,0,37.0,MEDIUM
72.1,59.2,88.3,6.09,5.0,0,21.9,MEDIUM
78.3,97.3,56.8,7.89,3.8,0,64.4,LOW
88.1,69.1,95.7,7.61,6.5,3,53.8,MEDIUM
82.4,74.0,43.8,7.54,4.8,2,36.4,MEDIUM
77.3,77.0,76.5,7.12,3.5,3,88.8,MEDIUM
80.5,72.6,77.1,6.94,2.2,2,78.3,MEDIUM
100.0,80.1,58.1,10.0,5.6,3,64.4,MEDIUM
74.1,53.9,76.4,8.78,0.3,3,92.3,HIGH
78.0,55.0,89.2,8.08,5.3,0,78.3,MEDIUM
90.8,45.2,36.7,7.17,1.8,2,48.5,HIGH
91.6,72.9,77.5,8.51,6.5,0,44.2,LOW
92.8,79.0,32.6,7.78,4.3,1,81.4,MEDIUM
84.6,73.2,55.5,7.04,5.3,0,72.9,MEDIUM
57.9,95.1,94.4,6.54,4.2,0,68.4,MEDIUM
99.5,64.9,61.3,6.88,0.5,1,48.1,MEDIUM
57.8,77.0,52.4,2.24,2.3,1,77.2,HIGH
79.5,45.3,67.0,7.32,5.3,0,49.9,MEDIUM
63.7,58.0,100.0,6.27,4.3,0,63.0,MEDIUM
74.0,77.5,42.5,9.39,6.4,4,93.9,HIGH
79.9,80.3,54.2,7.03,4.8,0,51.8,MEDIUM
79.8,59.7,92.5,5.22,2.1,3,33.5,HIGH
81.3,63.7,97.9,6.93,2.4,3,,MEDIUM
99.2,37.7,68.4,5.43,4.2,1,84.9,MEDIUM
81.8,58.6,51.4,7.71,0.0,0,70.1,MEDIUM
71.3,81.0,100.0,7.44,7.3,2,62.4,MEDIUM
89.5,75.4,93.9,8.44,4.9,0,54.8,LOW
92.8,74.0,80.2,5.81,6.5,4,74.7,MEDIUM
56.6,65.9,57.8,7.05,0.8,0,48.0,MEDIUM
84.0,65.1,69.3,4.95,6.5,0,71.1,MEDIUM
85.5,53.1,67.6,8.05,8.5,0,50.4,MEDIUM
70.5,77.6,75.0,7.78,1.4,1,47.0,MEDIUM
95.6,72.6,91.8,7.74,5.5,4,52.3,MEDIUM
72.7,73.9,83.2,7.0,4.0,0,57.5,MEDIUM
76.9,55.5,53.8,7.62,0.9,3,64.0,HIGH
72.4,26.2,90.6,9.41,5.0,3,69.7,HIGH
75.2,84.7,74.7,6.57,5.7,4,0.0,HIGH
58.6,56.4,80.3,7.21,2.8,0,48.8,MEDIUM
53.4,49.5,92.0,5.37,6.3,0,57.2,MEDIUM
98.9,77.5,53.3,5.7,0.7,0,95.1,MEDIUM
62.3,57.9,69.5,7.15,1.0,1,43.4,HIGH
60.1,84.1,62.0,8.66,4.3,1,68.3,MEDIUM
42.7,76.1,46.5,6.62,4.1,0,94.9,MEDIUM
65.4,77.3,75.2,6.65,2.6,4,38.7,HIGH
55.2,40.4,100.0,6.39,5.6,1,72.9,MEDIUM
99.6,86.8,42.4,6.2,5.1,0,49.0,MEDIUM
90.1,69.7,69.5,7.44,5.7,4,54.9,MEDIUM
64.7,58.4,79.6,4.75,3.8,3,48.9,HIGH
,67.6,71.8,8.92,5.2,0,50.4,LOW
89.7,33.0,68.3,6.0,3.1,1,100.0,MEDIUM
70.1,72.4,50.5,8.08,8.1,1,81.9,MEDIUM
37.5,46.5,73.5,5.1,2.4,0,87.0,HIGH
100.0,40.7,58.6,8.0,8.2,1,74.8,MEDIUM
54.2,37.6,37.2,8.01,4.1,0,32.9,HIGH
50.3,85.0,87.9,7.58,1.2,3,72.9,HIGH
90.3,53.7,84.4,5.51,6.7,1,86.5,MEDIUM
100.0,92.6,70.8,7.37,4.3,2,47.9,MEDIUM
95.8,55.4,73.4,5.23,5.7,0,84.3,MEDIUM
83.5,34.3,86.1,6.62,6.4,0,79.1,MEDIUM
83.9,44.9,73.4,8.54,4.7,1,100.0,MEDIUM
87.8,87.2,83.6,8.2,2.8,0,56.6,LOW
86.4,62.2,65.5,7.02,6.0,2,43.0,MEDIUM
79.2,55.1,89.7,5.54,4.0,0,57.8,MEDIUM
76.6,67.9,74.8,7.97,5.4,0,93.7,LOW
74.1,74.0,72.9,7.03,0.0,2,28.4,MEDIUM
63.7,85.1,50.9,3.52,4.9,4,23.6,HIGH
70.8,91.1,74.3,8.17,2.7,4,66.8,MEDIUM
49.6,58.5,57.5,6.96,7.3,4,56.1,HIGH
73.5,41.1,60.4,8.8,5.2,1,65.2,MEDIUM
60.2,57.6,57.8,5.36,4.5,1,83.9,HIGH
58.4,69.7,54.0,2.23,5.0,4,53.9,HIGH
77.7,47.7,100.0,7.42,2.0,4,27.5,HIGH
95.9,47.8,90.0,7.44,7.2,4,100.0,MEDIUM
88.8,71.2,98.8,4.46,8.0,0,45.1,MEDIUM
51.4,64.1,51.7,5.53,,4,43.8,HIGH
60.2,65.6,71.1,10.0,7.2,2,87.1,MEDIUM
89.1,51.3,50.6,6.54,2.9,0,57.3,MEDIUM
60.3,60.9,59.6,8.1,2.4,0,63.7,MEDIUM
71.6,48.4,56.2,6.02,4.1,0,74.7,HIGH
83.3,81.0,88.6,3.86,4.9,0,86.7,MEDIUM
60.5,83.6,64.1,6.74,3.2,1,58.3,MEDIUM
76.6,31.8,86.0,6.6,5.1,1,95.4,MEDIUM
55.0,48.3,79.1,6.4,4.6,0,22.3,MEDIUM
66.0,38.1,100.0,6.83,2.0,1,80.2,HIGH
79.8,53.3,47.8,7.4,,0,48.2,MEDIUM
51.1,63.5,88.9,6.77,5.7,2,92.4,MEDIUM
81.6,38.9,87.2,5.1,4.3,0,67.8,MEDIUM
74.7,48.4,55.4,7.73,6.3,4,51.5,HIGH
83.3,46.9,85.1,4.08,1.6,0,78.3,MEDIUM
78.4,68.7,75.0,3.92,4.9,3,82.9,HIGH
95.5,66.2,66.6,8.11,1.7,0,77.8,LOW
